000002万科A2015年度第一期和第二期中期票据发行结果公告.(172k).PDF,http://static.cninfo.com.cn/finalpage/2015-11-10/1201760258.PDF
000002万科A关于举行2015年半年度业绩网上投资者交流会的公告.(97k).PDF,http://static.cninfo.com.cn/finalpage/2015-08-17/1201445084.PDF
000002万科A2015年半年度财务报告.(1448k).PDF,http://static.cninfo.com.cn/finalpage/2015-08-17/1201445082.PDF
000002万科A2015年半年度报告(正文).(637k).PDF,http://static.cninfo.com.cn/finalpage/2015-08-17/1201445080.PDF
000002万科A2015年半年度报告(全文).(1961k).PDF,http://static.cninfo.com.cn/finalpage/2015-08-17/1201445079.PDF
000002万科A2014年度A股股份分红派息实施公告.(132k).PDF,http://static.cninfo.com.cn/finalpage/2015-07-14/1201288185.PDF
000002万科A2014年度股东大会决议公告.(145k).PDF,http://static.cninfo.com.cn/finalpage/2015-05-23/1201051211.PDF
000002万科A2014年度股东大会的法律意见书.(192k).PDF,http://static.cninfo.com.cn/finalpage/2015-05-23/1201051210.PDF
000002万科A关于2014年度股东大会的提示性公告.(308k).PDF,http://static.cninfo.com.cn/finalpage/2015-05-15/1201015111.PDF
000002万科A关于2014年度股东大会的提示性公告.(308k).PDF,http://static.cninfo.com.cn/finalpage/2015-05-05/1200962638.PDF
000002万科A2015年度第一季度业绩预告.(119k).PDF,http://static.cninfo.com.cn/finalpage/2015-04-03/1200784294.PDF
000002万科A2014年度股东大会通知.(316k).PDF,http://static.cninfo.com.cn/finalpage/2015-04-03/1200784275.PDF
000002万科A2014年年度报告.(1613k).PDF,http://static.cninfo.com.cn/finalpage/2015-03-31/1200767951.PDF
000002万科A2014年度内部控制评价报告.(250k).PDF,http://static.cninfo.com.cn/finalpage/2015-03-31/1200767950.PDF
000002万科A2014年年度审计报告.(1438k).PDF,http://static.cninfo.com.cn/finalpage/2015-03-31/1200767946.PDF
000002万科A2014年度非经营性资金占用及其他关联资金往来情况的专项说明.(380k).PDF,http://static.cninfo.com.cn/finalpage/2015-03-31/1200767943.PDF
000002万科A对公司董事会关于历次募集资金2014年度存放与使用情况的专项说明的鉴证报告.(214k).PDF,http://static.cninfo.com.cn/finalpage/2015-03-31/1200767942.PDF
000002万科A关于举行2014年度业绩网上投资者交流会的公告.(93k).PDF,http://static.cninfo.com.cn/finalpage/2015-03-31/1200767941.PDF
000002万科A监事会对2014年度内部控制评价报告的意见.(115k).PDF,http://static.cninfo.com.cn/finalpage/2015-03-31/1200767939.PDF
000002万科A第十七届董事会独立董事关于2014年度内部控制评价报告的独立意见.(64k).PDF,http://static.cninfo.com.cn/finalpage/2015-03-31/1200767938.PDF
000002万科A第十七届董事会独立董事2014年度履职情况报告.(138k).PDF,http://static.cninfo.com.cn/finalpage/2015-03-31/1200767936.PDF
000002万科A2014年半年度报告.(1292k).PDF,http://static.cninfo.com.cn/finalpage/2014-08-18/1200133311.PDF
000002万科A2014年半年度财务报告.(3166k).PDF,http://static.cninfo.com.cn/finalpage/2014-08-18/1200133308.PDF
000002万科A2013年度分红派息方案实施公告.(149k).PDF,http://static.cninfo.com.cn/finalpage/2014-04-28/63930404.PDF
